System,Ecosystem_stability ,Mean_richness,Warming_rate
Gv,1.815543373,21.89824945,0.044897727
Bw,1.776120718,17.640625,0.026236635
Ks3,2.096581846,25.97883598,0.004195804
Ks9,2.21079956,26.24193548,0.015
Me,1.279382775,19.74437628,0.14015625
Mo,1.265664166,22.39373602,0.118912037
Mu,2.001888396,20.2185654,0.031090421
Ng,1.766723167,15.14367816,-0.013886593
Wc,2.021938973,27.57301184,0.063744905
Ft,1.690189985,24.23906706,0.021884498
